mutation_id	CRUKTOY001_S3	CRUKTOY001_S4	CRUKTOY001_S5	CRUKTOY001_S3_std	CRUKTOY001_S4_std	CRUKTOY001_S5_std	cluster_id
CRUKTOY001:10:4312:C	0.49401749975744635	0.5786858320669513	0.576387863493451	0.025504347826615946	0.028090601741439136	0.026813905927051886	1
CRUKTOY001:14:6784:T	0.4956381445306859	0.5771736168503794	0.5774705098818393	0.025939338925259046	0.02769335522029698	0.0278243392024753	1
CRUKTOY001:19:2583:T	0.49472020318419396	0.5771636123480942	0.5763434302265398	0.024631374961549175	0.026733773887132852	0.02653461288696725	1
CRUKTOY001:21:1452:C	0.4981015677442787	0.574059601208207	0.577313625644738	0.03335578695711159	0.03403698479268743	0.029301618827527257	0
CRUKTOY001:21:9908:C	0.49416368205229183	0.5806666687503163	0.5769870949732877	0.02596640045661597	0.03436260476678239	0.027961836061658217	1
CRUKTOY001:22:8839:C	0.4940914607411345	0.5782947447718136	0.5752153517406152	0.025378132991288944	0.02822891869297891	0.029113409424238908	1
CRUKTOY001:2:8775:A	0.49406542851289065	0.5760661177775047	0.5743895873709449	0.02622628251333123	0.02931858821568421	0.03026846272754128	1
CRUKTOY001:3:364:C	0.4945601646885806	0.578009030840732	0.5768768044683701	0.024506281565669474	0.026857756714790522	0.026740558351431513	1
CRUKTOY001:4:3779:C	0.4949243388874431	0.577202427293653	0.5765678521016921	0.024294261254128487	0.02689026989966366	0.026380108968924676	1
CRUKTOY001:4:6161:T	0.49517605196215014	0.5782996033573379	0.5775625244610454	0.02518425737598304	0.02781754312706036	0.027848668929213033	1
CRUKTOY001:5:567:A	0.49449955283175295	0.5779325617519622	0.5761616311148045	0.024387906428176193	0.026992648878743714	0.026742243202059108	1
CRUKTOY001:6:6118:A	0.49438501054861383	0.5781638799327251	0.5761577624560131	0.024486636839565975	0.027077779202592252	0.026743986902620812	1
CRUKTOY001:6:7148:C	0.4950447888887799	0.5782961971473947	0.5776861488134192	0.024960728644693304	0.027992921448134023	0.028293199346452406	1
CRUKTOY001:7:5229:A	0.4958096983566795	0.576293558314657	0.5762909502224177	0.026647804282715907	0.028204420521607248	0.027187286847757532	1
CRUKTOY001:9:7194:T	0.4956739132485863	0.5760363067111264	0.5770443000161461	0.025708123324129268	0.029173737150311307	0.02746679631117244	1
