mutation_id	CRUKTOY001_S4	CRUKTOY001_S4_std	cluster_id
CRUKTOY001:10:8343:C	0.2923476557509198	0.020207472399421653	0
CRUKTOY001:13:7085:C	0.2907876488935097	0.019325538124282834	0
CRUKTOY001:13:9004:T	0.29081774213697703	0.019266982960247127	0
CRUKTOY001:14:3549:A	0.29048788667413367	0.019416435765543583	0
CRUKTOY001:14:7374:C	0.28987930926722705	0.02027651464157302	0
CRUKTOY001:15:442:G	0.29171830878775473	0.019086224301071108	0
CRUKTOY001:15:4:G	0.2966058023022308	0.029094996539571847	0
CRUKTOY001:17:7582:T	0.3003736384893324	0.03821518533993309	2
CRUKTOY001:18:4951:T	0.2898671798663473	0.020479898639686862	0
CRUKTOY001:18:690:G	0.2980709411123598	0.033105132175327574	0
CRUKTOY001:18:7590:T	0.2953254314288246	0.02601300532548071	0
CRUKTOY001:19:1863:C	0.2909120948895875	0.01898349330669949	0
CRUKTOY001:19:3837:C	0.2916623174131858	0.019187582351631326	0
CRUKTOY001:20:4269:G	0.29043547039962975	0.019463537168502246	0
CRUKTOY001:20:9872:C	0.29226129578099636	0.019568431812745913	0
CRUKTOY001:21:4287:T	0.29671705962062056	0.02965694630841605	0
CRUKTOY001:21:5193:A	0.29066096386008156	0.019217912773042207	0
CRUKTOY001:21:5839:T	0.2929120779104125	0.020766607139088178	0
CRUKTOY001:21:5851:A	0.290482660702679	0.019582925102179894	0
CRUKTOY001:22:4848:T	0.29159769281133974	0.019330278813820087	0
CRUKTOY001:2:6321:T	0.29170095910135263	0.018943230214956017	0
CRUKTOY001:2:7079:A	0.29659798930433817	0.029147396949998485	0
CRUKTOY001:3:2533:A	0.29079809135689805	0.019141365868318612	0
CRUKTOY001:3:3284:T	0.2902106409679214	0.019853356212289425	0
CRUKTOY001:3:4140:G	0.29068779465809863	0.019279588841371098	0
CRUKTOY001:4:875:A	0.29096326996988314	0.018717549304167035	0
CRUKTOY001:5:5311:A	0.29513484561266207	0.025733557500363453	0
CRUKTOY001:5:9446:A	0.2917787901385677	0.019268198054178638	0
CRUKTOY001:8:4823:A	0.29126267958304153	0.019101385377239672	0
CRUKTOY001:8:6466:G	0.3070678616190589	0.05295572463854755	1
CRUKTOY001:9:171:A	0.291827395728156	0.01895565231605022	0
CRUKTOY001:9:2470:A	0.2912145253111076	0.01955584818248332	0
CRUKTOY001:9:3103:A	0.29113941951213274	0.019482128398875975	0
