mutation_id	CRUKTOY001_S1	CRUKTOY001_S2	CRUKTOY001_S3	CRUKTOY001_S4	CRUKTOY001_S1_std	CRUKTOY001_S2_std	CRUKTOY001_S3_std	CRUKTOY001_S4_std	cluster_id
CRUKTOY001:13:2995:C	0.7547205161371789	0.9727466200160003	0.9793084557567292	0.9450354847767616	0.034023239813349225	0.01905737263109301	0.016967507637045545	0.030693051345880316	0
CRUKTOY001:15:1915:C	0.7547375491662218	0.9727437157966621	0.9792909526104127	0.9450308624733705	0.03401144346868766	0.01906026271176209	0.017082594969376513	0.030695895412962648	0
CRUKTOY001:16:4792:C	0.7547620228107893	0.972756134676212	0.9793024622575329	0.9450371505473274	0.03402734623500655	0.019054429874499474	0.016978263004848157	0.030695420570851752	0
CRUKTOY001:19:713:A	0.7547500174676409	0.9727540319120271	0.979310943761707	0.9450459056672534	0.03400087413027243	0.019053627442046903	0.0169609536314752	0.03068668291802575	0
CRUKTOY001:20:9888:G	0.7547724336785215	0.9727442479569103	0.9792982453836713	0.9450334241589198	0.0340293835149305	0.01906836463667622	0.016978053605449784	0.030698959473115118	0
CRUKTOY001:22:4166:G	0.754762762687195	0.9727521411971259	0.9793002483425163	0.9450458064148889	0.034007718781772805	0.019053304741473036	0.017000501021481776	0.030686648281698238	0
CRUKTOY001:6:3597:G	0.7546972249291755	0.9727073999456423	0.9793241005532859	0.9448809066781865	0.034146302098605655	0.01913384729338944	0.016945767524862418	0.03140082313313315	0
CRUKTOY001:9:418:A	0.7547772971553153	0.9727493030157992	0.9792986904716775	0.9450450246152996	0.03402272256717821	0.019055752059201965	0.01700113379823619	0.030692603543980995	0
