mutation_id	CRUKTOY001_S1	CRUKTOY001_S3	CRUKTOY001_S4	CRUKTOY001_S5	CRUKTOY001_S1_std	CRUKTOY001_S3_std	CRUKTOY001_S4_std	CRUKTOY001_S5_std	cluster_id
CRUKTOY001:10:6062:T	0.04523977931133859	0.5742058827293114	0.5021595966477006	0.5584392796390886	0.013534487335809498	0.044292061219184435	0.03987389252296982	0.0436424858724155	0
CRUKTOY001:11:3900:A	0.046053113752927685	0.5750332684152283	0.5015590866726171	0.5545641715314763	0.015566136527191661	0.04551972478074181	0.040674889275197045	0.04514711119422127	0
CRUKTOY001:1:1011:A	0.04536221531498823	0.5735273341959923	0.5020977648189666	0.5566281758142204	0.013561969516178198	0.04250181832765308	0.039807604500401134	0.04285853457076424	0
CRUKTOY001:21:3695:C	0.04531183770409468	0.5729384938364422	0.5021283632856776	0.5576253238746851	0.013457988306599375	0.0431876157737843	0.03992832471875009	0.042675144019425786	0
CRUKTOY001:8:4371:T	0.045206255054384845	0.5734787405409223	0.5026178540527162	0.5577278853865596	0.01334655630127952	0.04316697604916136	0.040036955565777375	0.04236745053378573	0
