mutation_id	CRUKTOY001_S5	CRUKTOY001_S5_std	cluster_id
CRUKTOY001:10:3330:C	0.21971902319224085	0.026696164627812567	0
CRUKTOY001:10:3731:T	0.21974768800180097	0.02693346387680898	0
CRUKTOY001:10:4201:T	0.2197125646271103	0.026430439972432617	0
CRUKTOY001:11:1798:A	0.21851400697272175	0.026377151422407465	0
CRUKTOY001:16:5419:A	0.22077037323357487	0.02748474256367678	0
CRUKTOY001:18:6030:C	0.22194707147513643	0.029026256566597165	0
CRUKTOY001:6:6447:C	0.21900545092506665	0.026159953277940105	0
CRUKTOY001:8:203:C	0.21964736125509784	0.026625268027688907	0
CRUKTOY001:8:3452:A	0.2188205197745246	0.025870471916382136	0
